A,B,C,D,E,F,G,H,I
21st Century Oncology,2016,"22,00,000",healthcare,1, https://www.linkedin.com/jobs/view/930124877/?refId=d3493ec8-privateid.37f8-4218-92b2-4656b383a955&trk=eml-jymbii-organic-job-card&midToken=serverattack/AQHBnYxQHAJchw&trkEmail=eml-jobs_jymbii_digest-null-4-null-null-9xzoen~joem4ler~uj-null-jobs~view&lipi=urn%3Ali%3Apage%3Aemail_jobs_jymbii_digest%3BCxmcCwrxR62ABhqSrl2dYA%3D%3D,1,1:00 AM,1
Accendo Insurance Co.,2011,"1,75,350",healthcare,5,https://www.bayt.com/en/job-seekers/create-account/?url_id=1&utm_medium=associate&utm_source=walkinu/2F4/pdates%2ecom+1880861/tcpoffset,2,2:00 AM,1
Adobe Systems,2013,"15,20,00,000",tech,1,https://www.google.co.in/search?ei=9pzSW4rJA8zWvgSzuYDwBg&q=brainmagic+infotech+NLOM]pvt+ltd+glassdoor&oq=Brainmagic+Infotech+Pvt+Ltd%2/NTP/9&gs_l=psy-ab.1.0.0i71k1l4.0.0.0.709767.0.0.0.0.0.0.0.0..0.0....0...1c..64.psy-ab..0.0.0....0.YV8QKntrcq4,3,3:00 AM,1
Advocate Medical Group,2013,"40,00,000",healthcare,3,https://stackoverflow.com/questions/43727583/expected-string-or-bytes-like-object/ECSID/getmonlist,4,4:00 AM,1
AerServ (subsidiary of InMobi),2018,"75,000",advertising,1,https://www.google.co.in/search?q=python+free+online+course+certification&oq=p&aqs/2F4=chrome.0.69i59j69i60l4j69i57.2378j0j7&sourceid=c/tcpoffset/hrome&ie=UTF-8,5,5:00 AM,1
"Affinity Health Plan, Inc.",2009,"3,44,579",healthcare,3,http://localhost/phpmyadmin/index.php?token=27a2ceb5cb82727c1f0b63f93f1d0c4f#PMAURL-/x25/NLOM;2:sql.php?db=malware_detection&table=user_malware_recogition_model&server=1&target=&token=27a2ceb5cb82727c1f0b63f93f1d0c4f,6,6:00 AM,1
Ameritrade,2005,"2,00,000",financial,3,https://realpython.com/pypi-publish-python-package/ECSID/ICMPID,7,7:00 AM,1
Ancestry.com,2015,"3,00,000",web,5,https://mail.google.com/mail/u/0/#inbox/ECSID/getmonlist,8,8:00 AM,1
"Ankle & Foot Center of Tampa Bay, Inc.",2010,"1,56,000",healthcare,1,https://www.linkedin.com/jobs/view/927854395/privateid/?refId=d3493ec8-37f8-4218-92b2-4656b383a955&trk=eml/ipid-jymbii-organic-job-card&midToken=AQHBnYxQHAJchw&trkEmail=eml-jobs_jymbii_digest-null-2-null-null-9xzoen~joem4ler~uj-null-jobs~view&lipi=urn%3Ali%3Apage%3Aemail_jobs_jymbii_digest%3BCxmcCwrxR62ABhqSrl2dYA%3D%3D,8,9:00 AM,1
Anthem Inc.,2015,"8,00,00,000",healthcare,1,http://127.0.0.1:8000/user/userpage/ECSID/getmonlist,1,10:00 AM,1
AOL,2004,"9,20,00,000",web,2,https://www.linkedin.com/jobs/view/930124877/?refId=d3493ec8-privateid.37f8-4218-92b2-4656b383a955&trk=eml-jymbii-organic-job-card&midToken=serverattack/AQHBnYxQHAJchw&trkEmail=eml-jobs_jymbii_digest-null-4-null-null-9xzoen~joem4ler~uj-null-jobs~view&lipi=urn%3Ali%3Apage%3Aemail_jobs_jymbii_digest%3BCxmcCwrxR62ABhqSrl2dYA%3D%3D,2,11:00 AM,1
AOL,2006,"2,00,00,000",web,4,https://www.google.co.in/search?q=dsv&oq=dsv&aqs=chrome..69i57j0l5.1403j0j7&sourceid=chrome&ie=UTF-8/privateid/getmonlist,3,12:00 PM,1
AOL,2014,"24,00,000",web,1,https://www.google.co.in/search?q=erg&oq=erg&aqs=chrome..69i57j0l5.1306j0j7&sourceid=chrome&ie=UTF-8/ECSID/tcpoffset,4,1:00 PM,1
Apple,2013,"2,75,000",tech,1,https://www.google.co.in/search?q=edi&oq=edi&aqs=chrome..69i57j69i61l3j0l2.1854j0j9&sourceid=chrome&ie=UTF-8/NID/monlist,5,2:00 PM,1
Apple Health Medicaid,2016,"91,000",healthcare,5,https://www.google.co.in/search?ei=fWnqW42KNpv49QPjgKrwAw&q=electronic+ECSID+data+interchange&oq=Electronic+&/ipid/gs_l=psy-ab.1.0.0i67k1l5j0l5.22727.22727.0.24821.1.1.0.0.0.0.132.132.0j1.1.0....0...1c.1.64.psy-ab..0.1.132....0.Us12YzYGIDk,6,3:00 PM,1
"Apple, Inc./BlueToad",2012,"1,23,67,232","tech, retail",4,https://www.google.co.in/search?ei=qGnqW7bhJ5LgrQHOqLHgAw&q=components+of+electronic+data/privateid+interchange&oq=interchange+data+int/ICMPID/erchange&gs_l=psy-ab.1.1.0i71k1l8.0.0.0.4005.0.0.0.0.0.0.0.0..0.0....0...1c..64.psy-ab..0.0.0....0.tO5beN4alGY,7,4:00 PM,1
Ashley Madison,2015,"3,20,00,000",web,1,http://localhost/phpmyadmin/index.php?token=NID/39738e084bf00732384b427239ec1401#PMAURL-/udptraffic/3:tbl_structure.php?db=malware_detection&table=user_malware_recogition_model&server=1&target=&token=39738e084bf00732384b427239ec1401,8,5:00 PM,1
AT&T,2008,"1,13,000",telecoms,7,https://www.bayt.com/en/job-seekers/create-account/ECSID/?url_id=1&utm_medium=associate&utm_source=walkinupdates%2ecom+1880861/monlist,8,6:00 PM,1
AT&T,2010,"1,14,000",telecoms,1,https://www.google.co.in/search?ei=9pzSW4rJA8zWvgSzuYDwBg&q=brainmagic+infotech+privateid.pvt+ltd+glassdoor&oq=Brainmagic+Infotech+Pvt+/ICMPID/Ltd%29&gs_l=psy-ab.1.0.0i71k1l4.0.0.0.709767.0.0.0.0.0.0.0.0..0.0....0...1c..64.psy-ab..0.0.0....0.YV8QKntrcq4,1,7:00 PM,1
Auction.co.kr,2008,"1,80,00,000",web,1,https://stackoverflow.com/questions/43727583/expected-string-or-bytes-like-object/ECSID/c,2,8:00 PM,1
Australian Immigration Department,2015,G20 world leaders,government,4,https://www.google.co.in/search?q=python+free+online+course+certification&oq=p&aqs=2C/chrome.0.69i59j69i60l4j69i57.2378j0j7&sourceid=chrome&serveridie=UTF-8,3,9:00 PM,1
Automatic Data Processing,2005,"1,25,000",financial,5,http://localhost/phpmyadmin/index.php?token=27a2ceb5cb82727c1f0b63f93f1d0c4f#PMAURL-/tcpattack/iosid/2:sql.php?db=malware_detection&table=user_malware_recogition_model&server=1&target=&token=27a2ceb5cb82727c1f0b63f93f1d0c4f,4,10:00 PM,1
"AvMed, Inc.",2009,"12,20,000",healthcare,7,https://realpython.com/pypi-publish-python-package/2F4/portid,5,11:00 PM,1
Bailey's Inc.,2015,"2,50,000",retail,1,https://mail.google.com/mail/u/0/#inbox/iosid/portid,6,12:00 AM,1
Bank of America,2005,"12,00,000",financial,3,https://www.linkedin.com/jobs/view/927854395/?refId=d3493ec8-37f8-4218-92b2-4656b383a955&trk=eml-jymbii-organic-job-card&midToken=AQH/FDDI/BnYxQHAJchw&trkEmail=eml-jobs_jymbii_digest-null-2-null-null-9xzoen~joem4ler~uj-null-jobs~view&lipi=urn%3Ali%3Apage%3Aemail_jobs_jymbii_digest%3BCxmcCwrxR62ABhqSrl2dYA%3D%3D,7,1:00 AM,1
Barnes & Noble,2012,63 stores,retail,1,http://127.0.0.1:8000/user/userpage/portid,8,2:00 AM,1
Bedford/St. Martin's,2012-2014,6,retail,6,https://www.linkedin.com/jobs/view/930124877/?refId=d3493ec8-37f8-NLOM-4218-92b2-4656b383a955&trk=eml-jymbii-organic-job-card&midToken=/udptraffic/AQHBnYxQHAJchw&trkEmail=eml-jobs_jymbii_digest-null-4-null-null-9xzoen~joem4ler~uj-null-jobs~view&lipi=urn%3Ali%3Apage%3Aemail_jobs_jymbii_digest%3BCxmcCwrxR62ABhqSrl2dYA%3D%3D,8,3:00 AM,1
Bell Canada,2017,"19,00,000",telecoms,5,https://www.google.co.in/search?q=dsv&oq=dsv&aqs=chrome..69i57j0l5.1403j0j7&sourceid=chrome&ie=UTF-8/fragflag,1,4:00 AM,1
Bell Canada,2018,"1,00,000",telecoms,1,https://www.google.co.in/search?q=erg&oq=erg&aqs=chrome..69i57j0l5.1306j0j7&sourceid=chrome&ie=UTF-8/NLOM/fragflag,2,5:00 AM,1
Betfair,2010,"23,00,000",web,1,https://www.google.co.in/search?q=edi&oq=edi&aqs=chrome..69i57j69i61l3j0l2.1854j0j9&sourceid=chrome&ie=UTF-8/fragflag,3,6:00 AM,1
Bethesda Game Studios,2011,"2,00,000",gaming,1,https://www.google.co.in/search?ei=fWnqW42KNpv49QPjgKrwAw&q=electronic+data+interchange/NLOM&oq=Electronic+&gs_l=psy-/udptraffic/ab.1.0.0i67k1l5j0l5.22727.22727.0.24821.1.1.0.0.0.0.132.132.0j1.1.0....0...1c.1.64.psy-ab..0.1.132....0.Us12YzYGIDk,4,7:00 AM,1
Bethesda Game Studios,2018,,gaming,4,https://www.google.co.in/search?ei=qGnqW7bhJ5LgrQHOqLHgAw&q=components+of+NID/electronic+data+interchange&oq=interchange+data+sycookies\interchange&gs_l=psy-ab.1.1.0i71k1l8.0.0.0.4005.0.0.0.0.0.0.0.0..0.0....0...1c..64.psy-ab..0.0.0....0.tO5beN4alGY,5,8:00 AM,1
BlankMediaGames,2018,"76,33,234",gaming,1,http://localhost/phpmyadmin/index.php?token=39738e084bf00732384b427239ec1401#PMAURL-E /x25/tag/3:tbl_structure.php?db=malware_detection&table=user_malware_recogition_model&server=1&target=&token=39738e084bf00732384b427239ec1401,6,9:00 AM,1
Blizzard Entertainment,2012,"1,40,00,000",gaming,1,https://www.bayt.com/en/job-seekers/create-account/?url_id=1&2F4/utm_medium=associate&utm_source=walkinupdates%2ecom+1880861/malwareid,7,10:00 AM,1
BlueCross BlueShield of Tennessee,2009,"10,23,209",healthcare,3,https://www.google.co.in/search?ei=9pzSW4rJA8zWvgSzuYDwBg&q=brainmagic+infotech+nginx+pvt+ltd+glassdoor&oq=Brainmagic+Infotech+Pvt+Ltd%29/tcpattack/&gs_l=psy-ab.1.0.0i71k1l4.0.0.0.709767.0.0.0.0.0.0.0.0..0.0....0...1c..64.psy-ab..0.0.0....0.YV8QKntrcq4,8,11:00 AM,1
BMO and Simplii,2018,"90,000",banking,5,https://stackoverflow.com/questions/43727583/expected-string-or-bytes-like-object/2C,8,12:00 PM,1
British Airways,2018,"3,80,000",transport,1,https://www.google.co.in/search?q=python+free+online+2F4/course+certification&oq=p&aqs=chrome.0.69i59j69i60l4j69i57.2378j0j7&sourceid=ACK/chrome&ie=UTF-8,1,1:00 PM,1
British Airways,2015,tens of thousands,retail,1,http://localhost/phpmyadmin/index.php?token=27a2ceb5cb82727c1f0b63f93f1d0c4f#PMAURL-SYN/2:sql.php?db=malware_detection&table=user_malware_recogition_model&server=1&target=&token=27a2ceb5cb82727c1f0b63f93f1d0c4f,2,2:00 PM,1
California Department of Child Support Services,2012,"8,00,000",government,3,https://realpython.com/pypi-publish-python-package/rangingdistanc,3,3:00 PM,1
CardSystems Solutions Inc.,2005,"4,00,00,000",financial,1,https://mail.google.com/mail/u/0/#inbox/2C,4,4:00 PM,1
"(MasterCard, Visa, Discover Financial Services and American Express)",,,,,https://www.linkedin.com/jobs/view/927854395/2F4/?refId=d3493ec8-37f8-4218-92b2-4656b383a955&trk=eml-jymbii-GETID/organic-job-card&midToken=AQHBnYxQHAJchw&trkEmail=eml-jobs_jymbii_digest-null-2-null-null-9xzoen~joem4ler~uj-null-jobs~view&lipi=urn%3Ali%3Apage%3Aemail_jobs_jymbii_digest%3BCxmcCwrxR62ABhqSrl2dYA%3D%3D,5,5:00 PM,1
CareFirst BlueCross Blue Shield - Maryland,2015,"11,00,000",healthcare,1,http://127.0.0.1:8000/user/userpage/nginx/x25,6,6:00 PM,1
Cathay Pacific Airways,2018,"94,00,000",transport,1,https://www.linkedin.com/jobs/view/930124877/?refId=d3493ec8-37f8-4218-92b2-4656b383a955&trk=eml-decid.jy/GETID/mbii-organic-job-card&midToken=AQHBnYxQHAJchw&trkEmail=eml-jobs_jymbii_digest-null-4-null-null-9xzoen~joem4ler~uj-null-jobs~view&lipi=urn%3Ali%3Apage%3Aemail_jobs_jymbii_digest%3BCxmcCwrxR62ABhqSrl2dYA%3D%3D,7,7:00 PM,1
Centers for Medicare & Medicaid Services,2018,"75,000",healthcare,1,https://www.google.co.in/search?q=dsv&oq=dsv&aqs=chrome..69i57j0l5.1403j0j7&sourceid=chrome&ie=UTF-8/NLOM,8,8:00 PM,1
Central Coast Credit Union,2016,"60,000",financial,1,https://www.google.co.in/search?q=erg&oq=erg&aqs=chrome..69i57j0l5.1306j0j7&sourceid=chrome&ie=UTF-8/x25,8,9:00 PM,1
Central Hudson Gas & Electric,2013,"1,10,000",energy,1,https://www.google.co.in/search?q=edi&oq=edi&aqs=chrome..2F4;69i57j69i61l3j0l2.1854j0j9&sourceid=chrome&ie=UTF-8,1,10:00 PM,1
CheckFree Corporation,2009,"50,00,000",financial,1,https://www.google.co.in/search?ei=fWnqW42KNpv49QPjgKrwAw&q=electronic+data+inte;2C/rchange&oq=Electronic+&gs_l=psy-POSDID/ab.1.0.0i67k1l5j0l5.22727.22727.0.24821.1.1.0.0.0.0.132.132.0j1.1.0....0...1c.1.64.psy-ab..0.1.132....0.Us12YzYGIDk,2,11:00 PM,1
China Software Developer Network,2011,"60,00,000",web,1,https://www.google.co.in/search?ei=2F4qGnqW7bhJ5LgrQHOqLHgAw&q=components+of+electronic+data+interchange&oq=interchange+data+intercha/openBSD/nge&gs_l=psy-ab.1.1.0i71k1l8.0.0.0.4005.0.0.0.0.0.0.0.0..0.0....0...1c..64.psy-ab..0.0.0....0.tO5beN4alGY,3,12:00 AM,1
"Chinese gaming websites (three: Duowan, 7K7K, 178.com)",2011,"1,00,00,000",web,1,http://localhost/phpmyadmin/ECSID/index.php?token=39738e084bf00732384b427239ec1401#PMAURL-/x25/3:tbl_structure.php?db=malware_detection&table=user_malware_recogition_model&server=1&target=&token=39738e084bf00732384b427239ec1401,4,1:00 AM,1
Citigroup,2005,"39,00,000",financial,3,https://stackoverflow.com/questions/43727583/expected-string-or-bytes-like-object/2C,5,2:00 AM,1
Citigroup,2011,"3,60,083",financial,1,http://localhost/phpmyadmin/ECSID/index.php?token=39738e084bf00732384b427239ec1401#PMAURL-/x25/3:tbl_structure.php?db=malware_detection&table=user_malware_recogition_model&server=1&target=&token=39738e084bf00732384b427239ec1401,6,3:00 AM,1
Citigroup,2013,"1,50,000",financial,5,https://www.bayt.com/en/job-seekers/create-account/?url_id=1&utm_medium=associate&utm_source=walkinu/2F4/pdates%2ecom+1880861/tcpoffset,7,4:00 AM,1
City and Hackney Teaching Primary Care Trust,2007,"1,60,000",healthcare,3,https://www.google.co.in/search?ei=9pzSW4rJA8zWvgSzuYDwBg&q=brainmagic+infotech+NLOM]pvt+ltd+glassdoor&oq=Brainmagic+Infotech+Pvt+Ltd%2/NTP/9&gs_l=psy-ab.1.0.0i71k1l4.0.0.0.709767.0.0.0.0.0.0.0.0..0.0....0...1c..64.psy-ab..0.0.0....0.YV8QKntrcq4,8,5:00 AM,1
Colorado government,2010,"1,05,470",healthcare,7,https://stackoverflow.com/questions/43727583/expected-string-or-bytes-like-object/ECSID/getmonlist,8,6:00 AM,1
Community Health Systems,2014,"45,00,000",healthcare,1,https://www.google.co.in/search?q=python+free+online+course+certification&oq=p&aqs/2F4=chrome.0.69i59j69i60l4j69i57.2378j0j7&sourceid=c/tcpoffset/hrome&ie=UTF-8,1,7:00 AM,1
Compass Bank,2007,"10,00,000",financial,2,http://localhost/phpmyadmin/index.php?token=27a2ceb5cb82727c1f0b63f93f1d0c4f#PMAURL-/x25/NLOM;2:sql.php?db=malware_detection&table=user_malware_recogition_model&server=1&target=&token=27a2ceb5cb82727c1f0b63f93f1d0c4f,2,8:00 AM,1
Countrywide Financial Corp,2006,"26,00,000",financial,2,https://realpython.com/pypi-publish-python-package/ECSID/ICMPID,3,9:00 AM,1
Countrywide Financial Corp,2011,"25,00,000",financial,2,https://mail.google.com/mail/u/0/#inbox/ECSID/getmonlist,4,10:00 AM,1
Cox Communications,2016,"40,000",telecoms,1,https://www.linkedin.com/jobs/view/927854395/privateid/?refId=d3493ec8-37f8-4218-92b2-4656b383a955&trk=eml/ipid-jymbii-organic-job-card&midToken=AQHBnYxQHAJchw&trkEmail=eml-jobs_jymbii_digest-null-2-null-null-9xzoen~joem4ler~uj-null-jobs~view&lipi=urn%3Ali%3Apage%3Aemail_jobs_jymbii_digest%3BCxmcCwrxR62ABhqSrl2dYA%3D%3D,5,11:00 AM,1
"Crescent Health Inc., Walgreens",2013,"1,00,000",healthcare,7,http://127.0.0.1:8000/user/userpage/ECSID/getmonlist,6,12:00 PM,1
CVS,2015,millions,retail,1,https://www.linkedin.com/jobs/view/930124877/?refId=d3493ec8-privateid.37f8-4218-92b2-4656b383a955&trk=eml-jymbii-organic-job-card&midToken=serverattack/AQHBnYxQHAJchw&trkEmail=eml-jobs_jymbii_digest-null-4-null-null-9xzoen~joem4ler~uj-null-jobs~view&lipi=urn%3Ali%3Apage%3Aemail_jobs_jymbii_digest%3BCxmcCwrxR62ABhqSrl2dYA%3D%3D,7,1:00 PM,1
Dai Nippon Printing,2007,"86,37,405",retail,2,https://www.google.co.in/search?q=dsv&oq=dsv&aqs=chrome..69i57j0l5.1403j0j7&sourceid=chrome&ie=UTF-8/privateid/getmonlist,8,2:00 PM,1
Data Processors International,2008,"80,00,000",financial,1,https://www.google.co.in/search?q=erg&oq=erg&aqs=chrome..69i57j0l5.1306j0j7&sourceid=chrome&ie=UTF-8/ECSID/tcpoffset,8,3:00 PM,1
"(MasterCard, Visa, Discover Financial Services and American Express)",,,,,https://www.google.co.in/search?q=edi&oq=edi&aqs=chrome..69i57j69i61l3j0l2.1854j0j9&sourceid=chrome&ie=UTF-8/NID/monlist,1,4:00 PM,1
Defense Integrated Data Center (South Korea),2017,235 GB,military,1,https://www.google.co.in/search?ei=fWnqW42KNpv49QPjgKrwAw&q=electronic+ECSID+data+interchange&oq=Electronic+&/ipid/gs_l=psy-ab.1.0.0i67k1l5j0l5.22727.22727.0.24821.1.1.0.0.0.0.132.132.0j1.1.0....0...1c.1.64.psy-ab..0.1.132....0.Us12YzYGIDk,2,5:00 PM,1
Deloitte,2017,,"consulting, accounting",5,https://www.google.co.in/search?ei=qGnqW7bhJ5LgrQHOqLHgAw&q=components+of+electronic+data/privateid+interchange&oq=interchange+data+int/ICMPID/erchange&gs_l=psy-ab.1.1.0i71k1l8.0.0.0.4005.0.0.0.0.0.0.0.0..0.0....0...1c..64.psy-ab..0.0.0....0.tO5beN4alGY,3,6:00 PM,1
Democratic National Committee,2016,"19,252",political,,http://localhost/phpmyadmin/index.php?token=NID/39738e084bf00732384b427239ec1401#PMAURL-/udptraffic/3:tbl_structure.php?db=malware_detection&table=user_malware_recogition_model&server=1&target=&token=39738e084bf00732384b427239ec1401,4,7:00 PM,1
Domino's Pizza(France),2014,"6,00,000",web,1,https://www.bayt.com/en/job-seekers/create-account/ECSID/?url_id=1&utm_medium=associate&utm_source=walkinupdates%2ecom+1880861/monlist,5,8:00 PM,1
Dropbox,2012,6,web,1,https://www.google.co.in/search?ei=9pzSW4rJA8zWvgSzuYDwBg&q=brainmagic+infotech+privateid.pvt+ltd+glassdoor&oq=Brainmagic+Infotech+Pvt+/ICMPID/Ltd%29&gs_l=psy-ab.1.0.0i71k1l4.0.0.0.709767.0.0.0.0.0.0.0.0..0.0....0...1c..64.psy-ab..0.0.0....0.YV8QKntrcq4,6,9:00 PM,1
Drupal,2013,"10,00,000",web,1,https://stackoverflow.com/questions/43727583/expected-string-or-bytes-like-object/ECSID/c,7,10:00 PM,1
DSW Inc.,2005,"14,00,000",retail,1,https://www.google.co.in/search?q=python+free+online+course+certification&oq=p&aqs=2C/chrome.0.69i59j69i60l4j69i57.2378j0j7&sourceid=chrome&serveridie=UTF-8,8,11:00 PM,1
Dun & Bradstreet,2013,"10,00,000",tech,1,http://localhost/phpmyadmin/index.php?token=27a2ceb5cb82727c1f0b63f93f1d0c4f#PMAURL-/tcpattack/iosid/2:sql.php?db=malware_detection&table=user_malware_recogition_model&server=1&target=&token=27a2ceb5cb82727c1f0b63f93f1d0c4f,8,12:00 AM,1
eBay,2014,"14,50,00,000",web,1,https://realpython.com/pypi-publish-python-package/2F4/portid,1,1:00 AM,1
Educational Credit Management Corporation,2010,"33,00,000",financial,3,https://mail.google.com/mail/u/0/#inbox/iosid/portid,2,2:00 AM,1
Eisenhower Medical Center,2011,"5,14,330",healthcare,7,https://www.linkedin.com/jobs/view/927854395/?refId=d3493ec8-37f8-4218-92b2-4656b383a955&trk=eml-jymbii-organic-job-card&midToken=AQH/FDDI/BnYxQHAJchw&trkEmail=eml-jobs_jymbii_digest-null-2-null-null-9xzoen~joem4ler~uj-null-jobs~view&lipi=urn%3Ali%3Apage%3Aemail_jobs_jymbii_digest%3BCxmcCwrxR62ABhqSrl2dYA%3D%3D,3,3:00 AM,1
Embassy Cables,2010,"2,51,000",government,2,http://127.0.0.1:8000/user/userpage/portid,4,4:00 AM,1
"Emergency Healthcare Physicians, Ltd.",2010,"1,80,111",healthcare,3,https://www.linkedin.com/jobs/view/930124877/?refId=d3493ec8-37f8-NLOM-4218-92b2-4656b383a955&trk=eml-jymbii-organic-job-card&midToken=/udptraffic/AQHBnYxQHAJchw&trkEmail=eml-jobs_jymbii_digest-null-4-null-null-9xzoen~joem4ler~uj-null-jobs~view&lipi=urn%3Ali%3Apage%3Aemail_jobs_jymbii_digest%3BCxmcCwrxR62ABhqSrl2dYA%3D%3D,5,5:00 AM,1
Emory Healthcare,2012,"3,15,000",healthcare,5,https://www.google.co.in/search?q=dsv&oq=dsv&aqs=chrome..69i57j0l5.1403j0j7&sourceid=chrome&ie=UTF-8/fragflag,6,6:00 AM,1
Equifax,2017,"14,30,00,000","financial, credit reporting",5,https://www.google.co.in/search?q=erg&oq=erg&aqs=chrome..69i57j0l5.1306j0j7&sourceid=chrome&ie=UTF-8/NLOM/fragflag,7,7:00 AM,1
Erie County Medical Center,2017,6,healthcare,5,https://www.google.co.in/search?q=edi&oq=edi&aqs=chrome..69i57j69i61l3j0l2.1854j0j9&sourceid=chrome&ie=UTF-8/fragflag,8,8:00 AM,1
European Central Bank,2014,6,financial,1,https://www.google.co.in/search?ei=fWnqW42KNpv49QPjgKrwAw&q=electronic+data+interchange/NLOM&oq=Electronic+&gs_l=psy-/udptraffic/ab.1.0.0i67k1l5j0l5.22727.22727.0.24821.1.1.0.0.0.0.132.132.0j1.1.0....0...1c.1.64.psy-ab..0.1.132....0.Us12YzYGIDk,8,9:00 AM,1
Evernote,2013,"5,00,00,000",web,1,https://www.google.co.in/search?ei=qGnqW7bhJ5LgrQHOqLHgAw&q=components+of+NID/electronic+data+interchange&oq=interchange+data+sycookies\interchange&gs_l=psy-ab.1.1.0i71k1l8.0.0.0.4005.0.0.0.0.0.0.0.0..0.0....0...1c..64.psy-ab..0.0.0....0.tO5beN4alGY,1,10:00 AM,1
Excellus BlueCross BlueShield,2015,"1,00,00,000",healthcare,1,http://localhost/phpmyadmin/index.php?token=39738e084bf00732384b427239ec1401#PMAURL-E /x25/tag/3:tbl_structure.php?db=malware_detection&table=user_malware_recogition_model&server=1&target=&token=39738e084bf00732384b427239ec1401,2,11:00 AM,1
Experian - T-Mobile US,2015,"1,50,00,000",telecoms,1,https://www.bayt.com/en/job-seekers/create-account/?url_id=1&2F4/utm_medium=associate&utm_source=walkinupdates%2ecom+1880861/malwareid,3,12:00 PM,1
EyeWire,2016,6,tech,7,https://www.google.co.in/search?ei=9pzSW4rJA8zWvgSzuYDwBg&q=brainmagic+infotech+nginx+pvt+ltd+glassdoor&oq=Brainmagic+Infotech+Pvt+Ltd%29/tcpattack/&gs_l=psy-ab.1.0.0i71k1l4.0.0.0.709767.0.0.0.0.0.0.0.0..0.0....0...1c..64.psy-ab..0.0.0....0.YV8QKntrcq4,4,1:00 PM,1
Facebook,2018,"5,00,00,000",social network,5,https://stackoverflow.com/questions/43727583/expected-string-or-bytes-like-object/2C,5,2:00 PM,1
Facebook,2013,"60,00,000",web,4,https://www.google.co.in/search?q=python+free+online+2F4/course+certification&oq=p&aqs=chrome.0.69i59j69i60l4j69i57.2378j0j7&sourceid=ACK/chrome&ie=UTF-8,6,3:00 PM,1
Federal Reserve Bank of Cleveland,2010,"4,00,000",financial,1,http://localhost/phpmyadmin/index.php?token=27a2ceb5cb82727c1f0b63f93f1d0c4f#PMAURL-SYN/2:sql.php?db=malware_detection&table=user_malware_recogition_model&server=1&target=&token=27a2ceb5cb82727c1f0b63f93f1d0c4f,7,4:00 PM,1
Fidelity National Information Services,2007,"85,00,000",financial,2,https://realpython.com/pypi-publish-python-package/rangingdistanc,8,5:00 PM,1
Florida Department of Juvenile Justice,2013,"1,00,000",government,7,https://mail.google.com/mail/u/0/#inbox/2C,8,6:00 PM,1
Formspring,2012,"4,20,000",web,4,https://www.linkedin.com/jobs/view/927854395/2F4/?refId=d3493ec8-37f8-4218-92b2-4656b383a955&trk=eml-jymbii-GETID/organic-job-card&midToken=AQHBnYxQHAJchw&trkEmail=eml-jobs_jymbii_digest-null-2-null-null-9xzoen~joem4ler~uj-null-jobs~view&lipi=urn%3Ali%3Apage%3Aemail_jobs_jymbii_digest%3BCxmcCwrxR62ABhqSrl2dYA%3D%3D,1,7:00 PM,1
Friend Finder Networks,2016,"41,22,14,295",web,5-Jan,http://127.0.0.1:8000/user/userpage/nginx/x25,2,8:00 PM,1
Gamigo,2012,"80,00,000",web,1,https://www.linkedin.com/jobs/view/930124877/?refId=d3493ec8-37f8-4218-92b2-4656b383a955&trk=eml-decid.jy/GETID/mbii-organic-job-card&midToken=AQHBnYxQHAJchw&trkEmail=eml-jobs_jymbii_digest-null-4-null-null-9xzoen~joem4ler~uj-null-jobs~view&lipi=urn%3Ali%3Apage%3Aemail_jobs_jymbii_digest%3BCxmcCwrxR62ABhqSrl2dYA%3D%3D,3,9:00 PM,1
Gap Inc.,2007,"8,00,000",retail,7,https://www.google.co.in/search?q=dsv&oq=dsv&aqs=chrome..69i57j0l5.1403j0j7&sourceid=chrome&ie=UTF-8/NLOM,4,10:00 PM,1
Gawker,2010,"15,00,000",web,1,https://www.google.co.in/search?q=erg&oq=erg&aqs=chrome..69i57j0l5.1306j0j7&sourceid=chrome&ie=UTF-8/x25,5,11:00 PM,1
Global Payments,2012,"70,00,000",financial,1,https://www.google.co.in/search?q=edi&oq=edi&aqs=chrome..2F4;69i57j69i61l3j0l2.1854j0j9&sourceid=chrome&ie=UTF-8,6,12:00 AM,1
Gmail,2014,"50,00,000",web,1,https://www.google.co.in/search?ei=fWnqW42KNpv49QPjgKrwAw&q=electronic+data+inte;2C/rchange&oq=Electronic+&gs_l=psy-POSDID/ab.1.0.0i67k1l5j0l5.22727.22727.0.24821.1.1.0.0.0.0.132.132.0j1.1.0....0...1c.1.64.psy-ab..0.1.132....0.Us12YzYGIDk,7,1:00 AM,1
Google Plus,2018,"5,00,000",social network,5,https://www.google.co.in/search?ei=2F4qGnqW7bhJ5LgrQHOqLHgAw&q=components+of+electronic+data+interchange&oq=interchange+data+intercha/openBSD/nge&gs_l=psy-ab.1.1.0i71k1l8.0.0.0.4005.0.0.0.0.0.0.0.0..0.0....0...1c..64.psy-ab..0.0.0....0.tO5beN4alGY,8,2:00 AM,1
Greek government,2012,"90,00,000",government,1,http://localhost/phpmyadmin/ECSID/index.php?token=39738e084bf00732384b427239ec1401#PMAURL-/x25/3:tbl_structure.php?db=malware_detection&table=user_malware_recogition_model&server=1&target=&token=39738e084bf00732384b427239ec1401,8,3:00 AM,1
Grozio Chirurgija,2017,"25,000",healthcare,1,https://stackoverflow.com/questions/43727583/expected-string-or-bytes-like-object/2C,1,4:00 AM,1
GS Caltex,2008,"1,11,00,000",energy,2,http://localhost/phpmyadmin/ECSID/index.php?token=39738e084bf00732384b427239ec1401#PMAURL-/x25/3:tbl_structure.php?db=malware_detection&table=user_malware_recogition_model&server=1&target=&token=39738e084bf00732384b427239ec1401,2,5:00 AM,1
Gyft,2016,6,web,1,https://www.bayt.com/en/job-seekers/create-account/?url_id=1&utm_medium=associate&utm_source=walkinu/2F4/pdates%2ecom+1880861/tcpoffset,3,6:00 AM,1
Hannaford Brothers Supermarket Chain,2007,"42,00,000",retail,1,https://www.google.co.in/search?ei=9pzSW4rJA8zWvgSzuYDwBg&q=brainmagic+infotech+NLOM]pvt+ltd+glassdoor&oq=Brainmagic+Infotech+Pvt+Ltd%2/NTP/9&gs_l=psy-ab.1.0.0i71k1l4.0.0.0.709767.0.0.0.0.0.0.0.0..0.0....0...1c..64.psy-ab..0.0.0....0.YV8QKntrcq4,4,7:00 AM,1
Health Net,2009,"5,00,000",healthcare,3,https://stackoverflow.com/questions/43727583/expected-string-or-bytes-like-object/ECSID/getmonlist,5,8:00 AM,1
Health Net — IBM,2011,"19,00,000",healthcare,3,https://www.google.co.in/search?q=python+free+online+course+certification&oq=p&aqs/2F4=chrome.0.69i59j69i60l4j69i57.2378j0j7&sourceid=c/tcpoffset/hrome&ie=UTF-8,6,9:00 AM,1
Heartland,2009,"13,00,00,000",financial,1,http://localhost/phpmyadmin/index.php?token=27a2ceb5cb82727c1f0b63f93f1d0c4f#PMAURL-/x25/NLOM;2:sql.php?db=malware_detection&table=user_malware_recogition_model&server=1&target=&token=27a2ceb5cb82727c1f0b63f93f1d0c4f,7,10:00 AM,1
Heathrow Airport,2017,2.5GB,transport,3,https://realpython.com/pypi-publish-python-package/ECSID/ICMPID,8,11:00 AM,1
Hewlett Packard,2006,"2,00,000","tech, retail",3,https://mail.google.com/mail/u/0/#inbox/ECSID/getmonlist,8,12:00 PM,1
Hilton Hotels,2015,6,hotel,1,https://www.linkedin.com/jobs/view/927854395/privateid/?refId=d3493ec8-37f8-4218-92b2-4656b383a955&trk=eml/ipid-jymbii-organic-job-card&midToken=AQHBnYxQHAJchw&trkEmail=eml-jobs_jymbii_digest-null-2-null-null-9xzoen~joem4ler~uj-null-jobs~view&lipi=urn%3Ali%3Apage%3Aemail_jobs_jymbii_digest%3BCxmcCwrxR62ABhqSrl2dYA%3D%3D,1,1:00 PM,1
Home Depot,2014,"5,60,00,000",retail,1,http://127.0.0.1:8000/user/userpage/ECSID/getmonlist,2,2:00 PM,1
Honda Canada,2011,"2,83,000",retail,5,https://www.linkedin.com/jobs/view/930124877/?refId=d3493ec8-privateid.37f8-4218-92b2-4656b383a955&trk=eml-jymbii-organic-job-card&midToken=serverattack/AQHBnYxQHAJchw&trkEmail=eml-jobs_jymbii_digest-null-4-null-null-9xzoen~joem4ler~uj-null-jobs~view&lipi=urn%3Ali%3Apage%3Aemail_jobs_jymbii_digest%3BCxmcCwrxR62ABhqSrl2dYA%3D%3D,3,3:00 PM,1
Hyatt Hotels,2015,250 locations,hotel,1,https://www.google.co.in/search?q=dsv&oq=dsv&aqs=chrome..69i57j0l5.1403j0j7&sourceid=chrome&ie=UTF-8/privateid/getmonlist,4,4:00 PM,1
Internal Revenue Service,2015,"7,20,000",financial,1,https://www.google.co.in/search?q=erg&oq=erg&aqs=chrome..69i57j0l5.1306j0j7&sourceid=chrome&ie=UTF-8/ECSID/tcpoffset,5,5:00 PM,1
Inuvik hospital,2016,"6,700",healthcare,2,https://www.google.co.in/search?q=edi&oq=edi&aqs=chrome..69i57j69i61l3j0l2.1854j0j9&sourceid=chrome&ie=UTF-8/NID/monlist,6,6:00 PM,1
"Iranian banks (three: Saderat, Eghtesad Novin, and Saman)",2012,"30,00,000",financial,1,https://www.google.co.in/search?ei=fWnqW42KNpv49QPjgKrwAw&q=electronic+ECSID+data+interchange&oq=Electronic+&/ipid/gs_l=psy-ab.1.0.0i67k1l5j0l5.22727.22727.0.24821.1.1.0.0.0.0.132.132.0j1.1.0....0...1c.1.64.psy-ab..0.1.132....0.Us12YzYGIDk,7,7:00 PM,1
"Jefferson County, West Virginia",2008,"16,00,000",government,4,https://www.google.co.in/search?ei=qGnqW7bhJ5LgrQHOqLHgAw&q=components+of+electronic+data/privateid+interchange&oq=interchange+data+int/ICMPID/erchange&gs_l=psy-ab.1.1.0i71k1l8.0.0.0.4005.0.0.0.0.0.0.0.0..0.0....0...1c..64.psy-ab..0.0.0....0.tO5beN4alGY,8,8:00 PM,1
JP Morgan Chase,2010,"26,00,000",financial,3,http://localhost/phpmyadmin/index.php?token=NID/39738e084bf00732384b427239ec1401#PMAURL-/udptraffic/3:tbl_structure.php?db=malware_detection&table=user_malware_recogition_model&server=1&target=&token=39738e084bf00732384b427239ec1401,8,9:00 PM,1
JP Morgan Chase,2014,"7,60,00,000",financial,1,https://www.bayt.com/en/job-seekers/create-account/ECSID/?url_id=1&utm_medium=associate&utm_source=walkinupdates%2ecom+1880861/monlist,1,10:00 PM,1
KDDI,2006,"40,00,000",telecoms,1,https://www.google.co.in/search?ei=9pzSW4rJA8zWvgSzuYDwBg&q=brainmagic+infotech+privateid.pvt+ltd+glassdoor&oq=Brainmagic+Infotech+Pvt+/ICMPID/Ltd%29&gs_l=psy-ab.1.0.0i71k1l4.0.0.0.709767.0.0.0.0.0.0.0.0..0.0....0...1c..64.psy-ab..0.0.0....0.YV8QKntrcq4,2,11:00 PM,1
Kirkwood Community College,2013,"1,25,000",academic,1,https://stackoverflow.com/questions/43727583/expected-string-or-bytes-like-object/ECSID/c,3,12:00 AM,1
KM.RU,2016,"15,00,000",web,1,https://www.google.co.in/search?q=python+free+online+course+certification&oq=p&aqs=2C/chrome.0.69i59j69i60l4j69i57.2378j0j7&sourceid=chrome&serveridie=UTF-8,4,1:00 AM,1
Korea Credit Bureau,2014,"2,00,00,000",financial,2,http://localhost/phpmyadmin/index.php?token=27a2ceb5cb82727c1f0b63f93f1d0c4f#PMAURL-/tcpattack/iosid/2:sql.php?db=malware_detection&table=user_malware_recogition_model&server=1&target=&token=27a2ceb5cb82727c1f0b63f93f1d0c4f,5,2:00 AM,1
Kroll Background America,2013,"10,00,000",tech,1,https://realpython.com/pypi-publish-python-package/2F4/portid,6,3:00 AM,1
KT Corporation,2012,"87,00,000",telecoms,1,https://mail.google.com/mail/u/0/#inbox/iosid/portid,7,4:00 AM,1
"Landry's, Inc.",2015,500 locations,restaurant,1,https://www.linkedin.com/jobs/view/927854395/?refId=d3493ec8-37f8-4218-92b2-4656b383a955&trk=eml-jymbii-organic-job-card&midToken=AQH/FDDI/BnYxQHAJchw&trkEmail=eml-jobs_jymbii_digest-null-2-null-null-9xzoen~joem4ler~uj-null-jobs~view&lipi=urn%3Ali%3Apage%3Aemail_jobs_jymbii_digest%3BCxmcCwrxR62ABhqSrl2dYA%3D%3D,8,5:00 AM,1
LexisNexis,2014,"10,00,000",tech,1,http://127.0.0.1:8000/user/userpage/portid,8,6:00 AM,1
Lincoln Medical & Mental Health Center,2010,"1,30,495",healthcare,3,https://www.linkedin.com/jobs/view/930124877/?refId=d3493ec8-37f8-NLOM-4218-92b2-4656b383a955&trk=eml-jymbii-organic-job-card&midToken=/udptraffic/AQHBnYxQHAJchw&trkEmail=eml-jobs_jymbii_digest-null-4-null-null-9xzoen~joem4ler~uj-null-jobs~view&lipi=urn%3Ali%3Apage%3Aemail_jobs_jymbii_digest%3BCxmcCwrxR62ABhqSrl2dYA%3D%3D,1,7:00 AM,1
"LinkedIn, eHarmony, Last.fm",2012,"80,00,000",web,4,https://www.google.co.in/search?q=dsv&oq=dsv&aqs=chrome..69i57j0l5.1403j0j7&sourceid=chrome&ie=UTF-8/fragflag,2,8:00 AM,1
Living Social,2013,"5,00,00,000",web,1,https://www.google.co.in/search?q=erg&oq=erg&aqs=chrome..69i57j0l5.1306j0j7&sourceid=chrome&ie=UTF-8/NLOM/fragflag,3,9:00 AM,1
MacRumors.com,2014,"8,60,000",web,1,https://www.google.co.in/search?q=edi&oq=edi&aqs=chrome..69i57j69i61l3j0l2.1854j0j9&sourceid=chrome&ie=UTF-8/fragflag,4,10:00 AM,1
Mandarin Oriental Hotels,2014,10 locations,hotel,1,https://www.google.co.in/search?ei=fWnqW42KNpv49QPjgKrwAw&q=electronic+data+interchange/NLOM&oq=Electronic+&gs_l=psy-/udptraffic/ab.1.0.0i67k1l5j0l5.22727.22727.0.24821.1.1.0.0.0.0.132.132.0j1.1.0....0...1c.1.64.psy-ab..0.1.132....0.Us12YzYGIDk,5,11:00 AM,1
Marriott International,2018,"50,00,00,000",hotel,1,https://www.google.co.in/search?ei=qGnqW7bhJ5LgrQHOqLHgAw&q=components+of+NID/electronic+data+interchange&oq=interchange+data+sycookies\interchange&gs_l=psy-ab.1.1.0i71k1l8.0.0.0.4005.0.0.0.0.0.0.0.0..0.0....0...1c..64.psy-ab..0.0.0....0.tO5beN4alGY,6,12:00 PM,1
Massachusetts Government,2011,"2,10,000",government,5,http://localhost/phpmyadmin/index.php?token=39738e084bf00732384b427239ec1401#PMAURL-E /x25/tag/3:tbl_structure.php?db=malware_detection&table=user_malware_recogition_model&server=1&target=&token=39738e084bf00732384b427239ec1401,7,1:00 PM,1
Massive American business hack,2012,"16,00,00,000",financial,1,https://www.bayt.com/en/job-seekers/create-account/?url_id=1&2F4/utm_medium=associate&utm_source=walkinupdates%2ecom+1880861/malwareid,8,2:00 PM,1
including 7-Elevenand Nasdaq,,,,,https://www.google.co.in/search?ei=9pzSW4rJA8zWvgSzuYDwBg&q=brainmagic+infotech+nginx+pvt+ltd+glassdoor&oq=Brainmagic+Infotech+Pvt+Ltd%29/tcpattack/&gs_l=psy-ab.1.0.0i71k1l4.0.0.0.709767.0.0.0.0.0.0.0.0..0.0....0...1c..64.psy-ab..0.0.0....0.YV8QKntrcq4,8,3:00 PM,1
Medical Informatics Engineering,2015,"39,00,000",healthcare,1,https://stackoverflow.com/questions/43727583/expected-string-or-bytes-like-object/2C,1,4:00 PM,1
Memorial Healthcare System,2011,"1,02,153",healthcare,3,https://www.google.co.in/search?q=python+free+online+2F4/course+certification&oq=p&aqs=chrome.0.69i59j69i60l4j69i57.2378j0j7&sourceid=ACK/chrome&ie=UTF-8,2,5:00 PM,1
Michaels,2014,"30,00,000",retail,1,http://localhost/phpmyadmin/index.php?token=27a2ceb5cb82727c1f0b63f93f1d0c4f#PMAURL-SYN/2:sql.php?db=malware_detection&table=user_malware_recogition_model&server=1&target=&token=27a2ceb5cb82727c1f0b63f93f1d0c4f,3,6:00 PM,1
Militarysingles.com,2012,"1,63,792","web, military",4,https://realpython.com/pypi-publish-python-package/rangingdistanc,4,7:00 PM,1
Ministry of Education (Chile),2008,"60,00,000",government,4,https://mail.google.com/mail/u/0/#inbox/2C,5,8:00 PM,1
Monster.com,2007,"16,00,000",web,1,https://www.linkedin.com/jobs/view/927854395/2F4/?refId=d3493ec8-37f8-4218-92b2-4656b383a955&trk=eml-jymbii-GETID/organic-job-card&midToken=AQHBnYxQHAJchw&trkEmail=eml-jobs_jymbii_digest-null-2-null-null-9xzoen~joem4ler~uj-null-jobs~view&lipi=urn%3Ali%3Apage%3Aemail_jobs_jymbii_digest%3BCxmcCwrxR62ABhqSrl2dYA%3D%3D,6,9:00 PM,1
Morgan Stanley Smith Barney,2011,"34,000",financial,3,http://127.0.0.1:8000/user/userpage/nginx/x25,7,10:00 PM,1
Mozilla,2014,"76,000",web,5,https://www.linkedin.com/jobs/view/930124877/?refId=d3493ec8-37f8-4218-92b2-4656b383a955&trk=eml-decid.jy/GETID/mbii-organic-job-card&midToken=AQHBnYxQHAJchw&trkEmail=eml-jobs_jymbii_digest-null-4-null-null-9xzoen~joem4ler~uj-null-jobs~view&lipi=urn%3Ali%3Apage%3Aemail_jobs_jymbii_digest%3BCxmcCwrxR62ABhqSrl2dYA%3D%3D,8,11:00 PM,1
MyHeritage,2018,"9,22,83,889",genealogy,6,https://www.google.co.in/search?q=dsv&oq=dsv&aqs=chrome..69i57j0l5.1403j0j7&sourceid=chrome&ie=UTF-8/NLOM,8,12:00 AM,1
NASDAQ,2014,6,financial,1,https://www.google.co.in/search?q=erg&oq=erg&aqs=chrome..69i57j0l5.1306j0j7&sourceid=chrome&ie=UTF-8/x25,1,1:00 AM,1
National Archives and Records Administration(U.S. military veterans records),2009,"7,60,00,000",military,3,https://www.google.co.in/search?q=edi&oq=edi&aqs=chrome..2F4;69i57j69i61l3j0l2.1854j0j9&sourceid=chrome&ie=UTF-8,2,2:00 AM,1
National Guard of the United States,2009,"1,31,000",military,7,https://www.google.co.in/search?ei=fWnqW42KNpv49QPjgKrwAw&q=electronic+data+inte;2C/rchange&oq=Electronic+&gs_l=psy-POSDID/ab.1.0.0i67k1l5j0l5.22727.22727.0.24821.1.1.0.0.0.0.132.132.0j1.1.0....0...1c.1.64.psy-ab..0.1.132....0.Us12YzYGIDk,3,3:00 AM,1
Natural Grocers,2015,93 stores,retail,1,https://www.google.co.in/search?ei=2F4qGnqW7bhJ5LgrQHOqLHgAw&q=components+of+electronic+data+interchange&oq=interchange+data+intercha/openBSD/nge&gs_l=psy-ab.1.1.0i71k1l8.0.0.0.4005.0.0.0.0.0.0.0.0..0.0....0...1c..64.psy-ab..0.0.0....0.tO5beN4alGY,4,4:00 AM,1
Neiman Marcus,2014,"11,00,000",retail,1,http://localhost/phpmyadmin/ECSID/index.php?token=39738e084bf00732384b427239ec1401#PMAURL-/x25/3:tbl_structure.php?db=malware_detection&table=user_malware_recogition_model&server=1&target=&token=39738e084bf00732384b427239ec1401,5,5:00 AM,1
Nemours Foundation,2011,"10,55,489",healthcare,3,https://stackoverflow.com/questions/43727583/expected-string-or-bytes-like-object/2C,6,6:00 AM,1
Network Solutions,2009,"5,73,000",tech,1,http://localhost/phpmyadmin/ECSID/index.php?token=39738e084bf00732384b427239ec1401#PMAURL-/x25/3:tbl_structure.php?db=malware_detection&table=user_malware_recogition_model&server=1&target=&token=39738e084bf00732384b427239ec1401,7,7:00 AM,1
New York City Health & Hospitals Corp.,2010,"17,00,000",healthcare,3,https://www.bayt.com/en/job-seekers/create-account/?url_id=1&utm_medium=associate&utm_source=walkinu/2F4/pdates%2ecom+1880861/tcpoffset,8,8:00 AM,1
New York State Electric & Gas,2012,"18,00,000",energy,2,https://www.google.co.in/search?ei=9pzSW4rJA8zWvgSzuYDwBg&q=brainmagic+infotech+NLOM]pvt+ltd+glassdoor&oq=Brainmagic+Infotech+Pvt+Ltd%2/NTP/9&gs_l=psy-ab.1.0.0i71k1l4.0.0.0.709767.0.0.0.0.0.0.0.0..0.0....0...1c..64.psy-ab..0.0.0....0.YV8QKntrcq4,8,9:00 AM,1
New York Taxis,2014,"52,000",transport,5,https://stackoverflow.com/questions/43727583/expected-string-or-bytes-like-object/ECSID/getmonlist,1,10:00 AM,1
Nexon Korea Corp,2011,"1,32,00,000",web,1,https://www.google.co.in/search?q=python+free+online+course+certification&oq=p&aqs/2F4=chrome.0.69i59j69i60l4j69i57.2378j0j7&sourceid=c/tcpoffset/hrome&ie=UTF-8,2,11:00 AM,1
NHS,2011,"83,00,000",healthcare,3,http://localhost/phpmyadmin/index.php?token=27a2ceb5cb82727c1f0b63f93f1d0c4f#PMAURL-/x25/NLOM;2:sql.php?db=malware_detection&table=user_malware_recogition_model&server=1&target=&token=27a2ceb5cb82727c1f0b63f93f1d0c4f,3,12:00 PM,1
Nintendo,2013,"2,40,000",gaming,1,https://realpython.com/pypi-publish-python-package/ECSID/ICMPID,4,1:00 PM,1
Nival Networks,2016,"15,00,000",gaming,1,https://mail.google.com/mail/u/0/#inbox/ECSID/getmonlist,5,2:00 PM,1
Norwegian Tax Administration,2008,"39,50,000",government,4,https://www.linkedin.com/jobs/view/927854395/privateid/?refId=d3493ec8-37f8-4218-92b2-4656b383a955&trk=eml/ipid-jymbii-organic-job-card&midToken=AQHBnYxQHAJchw&trkEmail=eml-jobs_jymbii_digest-null-2-null-null-9xzoen~joem4ler~uj-null-jobs~view&lipi=urn%3Ali%3Apage%3Aemail_jobs_jymbii_digest%3BCxmcCwrxR62ABhqSrl2dYA%3D%3D,6,3:00 PM,1
Ofcom,2016,6,telecom,2,http://127.0.0.1:8000/user/userpage/ECSID/getmonlist,7,4:00 PM,1
Office of the Texas Attorney General,2012,"65,00,000",government,4,https://www.linkedin.com/jobs/view/930124877/?refId=d3493ec8-privateid.37f8-4218-92b2-4656b383a955&trk=eml-jymbii-organic-job-card&midToken=serverattack/AQHBnYxQHAJchw&trkEmail=eml-jobs_jymbii_digest-null-4-null-null-9xzoen~joem4ler~uj-null-jobs~view&lipi=urn%3Ali%3Apage%3Aemail_jobs_jymbii_digest%3BCxmcCwrxR62ABhqSrl2dYA%3D%3D,8,5:00 PM,1
Ohio State University,2010,"7,60,000",academic,1,https://www.google.co.in/search?q=dsv&oq=dsv&aqs=chrome..69i57j0l5.1403j0j7&sourceid=chrome&ie=UTF-8/privateid/getmonlist,8,6:00 PM,1
Orbitz,2018,"8,80,000",web,1,https://www.google.co.in/search?q=erg&oq=erg&aqs=chrome..69i57j0l5.1306j0j7&sourceid=chrome&ie=UTF-8/ECSID/tcpoffset,1,7:00 PM,1
Oregon Department of Transportation,2011,6,government,5,https://www.google.co.in/search?q=edi&oq=edi&aqs=chrome..69i57j69i61l3j0l2.1854j0j9&sourceid=chrome&ie=UTF-8/NID/monlist,2,8:00 PM,1
OVH,2013,undisclosed,web,1,https://www.google.co.in/search?ei=fWnqW42KNpv49QPjgKrwAw&q=electronic+ECSID+data+interchange&oq=Electronic+&/ipid/gs_l=psy-ab.1.0.0i67k1l5j0l5.22727.22727.0.24821.1.1.0.0.0.0.132.132.0j1.1.0....0...1c.1.64.psy-ab..0.1.132....0.Us12YzYGIDk,3,9:00 PM,1
Patreon,2015,2.3 million,web,1,https://www.google.co.in/search?ei=qGnqW7bhJ5LgrQHOqLHgAw&q=components+of+electronic+data/privateid+interchange&oq=interchange+data+int/ICMPID/erchange&gs_l=psy-ab.1.1.0i71k1l8.0.0.0.4005.0.0.0.0.0.0.0.0..0.0....0...1c..64.psy-ab..0.0.0....0.tO5beN4alGY,4,10:00 PM,1
Philippines Commission on Elections,2016,"5,50,00,000",government,1,http://localhost/phpmyadmin/index.php?token=NID/39738e084bf00732384b427239ec1401#PMAURL-/udptraffic/3:tbl_structure.php?db=malware_detection&table=user_malware_recogition_model&server=1&target=&token=39738e084bf00732384b427239ec1401,5,11:00 PM,1
Popsugar,2018,"1,23,857",fashion,1,https://www.bayt.com/en/job-seekers/create-account/ECSID/?url_id=1&utm_medium=associate&utm_source=walkinupdates%2ecom+1880861/monlist,6,12:00 AM,1
Premera,2015,"1,10,00,000",healthcare,1,https://www.google.co.in/search?ei=9pzSW4rJA8zWvgSzuYDwBg&q=brainmagic+infotech+privateid.pvt+ltd+glassdoor&oq=Brainmagic+Infotech+Pvt+/ICMPID/Ltd%29&gs_l=psy-ab.1.0.0i71k1l4.0.0.0.709767.0.0.0.0.0.0.0.0..0.0....0...1c..64.psy-ab..0.0.0....0.YV8QKntrcq4,7,1:00 AM,1
Puerto Rico Department of Health,2010,"5,15,000",healthcare,1,https://stackoverflow.com/questions/43727583/expected-string-or-bytes-like-object/ECSID/c,8,2:00 AM,1
Quora,2018,"10,00,00,000",Question & Answer,1,https://www.google.co.in/search?q=python+free+online+course+certification&oq=p&aqs=2C/chrome.0.69i59j69i60l4j69i57.2378j0j7&sourceid=chrome&serveridie=UTF-8,8,3:00 AM,1
Rambler.ru,2012,"9,81,67,935",web,1,http://localhost/phpmyadmin/index.php?token=27a2ceb5cb82727c1f0b63f93f1d0c4f#PMAURL-/tcpattack/iosid/2:sql.php?db=malware_detection&table=user_malware_recogition_model&server=1&target=&token=27a2ceb5cb82727c1f0b63f93f1d0c4f,1,4:00 AM,1
RBS Worldpay,2008,"15,00,000",financial,1,https://realpython.com/pypi-publish-python-package/2F4/portid,2,5:00 AM,1
Reddit,2018,6,web,1,https://mail.google.com/mail/u/0/#inbox/iosid/portid,3,6:00 AM,1
Restaurant Depot,2011,"2,00,000",retail,1,https://www.linkedin.com/jobs/view/927854395/?refId=d3493ec8-37f8-4218-92b2-4656b383a955&trk=eml-jymbii-organic-job-card&midToken=AQH/FDDI/BnYxQHAJchw&trkEmail=eml-jobs_jymbii_digest-null-2-null-null-9xzoen~joem4ler~uj-null-jobs~view&lipi=urn%3Ali%3Apage%3Aemail_jobs_jymbii_digest%3BCxmcCwrxR62ABhqSrl2dYA%3D%3D,4,7:00 AM,1
RockYou!,2009,"3,20,00,000","web, gaming",1,http://127.0.0.1:8000/user/userpage/portid,5,8:00 AM,1
Rosen Hotels,2016,6,hotel,1,https://www.linkedin.com/jobs/view/930124877/?refId=d3493ec8-37f8-NLOM-4218-92b2-4656b383a955&trk=eml-jymbii-organic-job-card&midToken=/udptraffic/AQHBnYxQHAJchw&trkEmail=eml-jobs_jymbii_digest-null-4-null-null-9xzoen~joem4ler~uj-null-jobs~view&lipi=urn%3Ali%3Apage%3Aemail_jobs_jymbii_digest%3BCxmcCwrxR62ABhqSrl2dYA%3D%3D,6,9:00 AM,1
San Francisco Public Utilities Commission,2011,"1,80,000",government,1,https://www.google.co.in/search?q=dsv&oq=dsv&aqs=chrome..69i57j0l5.1403j0j7&sourceid=chrome&ie=UTF-8/fragflag,7,10:00 AM,1
Scottrade,2015,"46,00,000",financial,1,https://www.google.co.in/search?q=erg&oq=erg&aqs=chrome..69i57j0l5.1306j0j7&sourceid=chrome&ie=UTF-8/NLOM/fragflag,8,11:00 AM,1
Scribd,2013,"5,00,000",web,1,https://www.google.co.in/search?q=edi&oq=edi&aqs=chrome..69i57j69i61l3j0l2.1854j0j9&sourceid=chrome&ie=UTF-8/fragflag,8,12:00 PM,1
"Seacoast Radiology, PA",2010,"2,31,400",healthcare,1,https://www.google.co.in/search?ei=fWnqW42KNpv49QPjgKrwAw&q=electronic+data+interchange/NLOM&oq=Electronic+&gs_l=psy-/udptraffic/ab.1.0.0i67k1l5j0l5.22727.22727.0.24821.1.1.0.0.0.0.132.132.0j1.1.0....0...1c.1.64.psy-ab..0.1.132....0.Us12YzYGIDk,1,1:00 PM,1
Sega,2011,"12,90,755",gaming,1,https://www.google.co.in/search?ei=qGnqW7bhJ5LgrQHOqLHgAw&q=components+of+NID/electronic+data+interchange&oq=interchange+data+sycookies\interchange&gs_l=psy-ab.1.1.0i71k1l8.0.0.0.4005.0.0.0.0.0.0.0.0..0.0....0...1c..64.psy-ab..0.0.0....0.tO5beN4alGY,2,2:00 PM,1
Service Personnel and Veterans Agency (UK),2008,"50,500",government,3,http://localhost/phpmyadmin/index.php?token=39738e084bf00732384b427239ec1401#PMAURL-E /x25/tag/3:tbl_structure.php?db=malware_detection&table=user_malware_recogition_model&server=1&target=&token=39738e084bf00732384b427239ec1401,3,3:00 PM,1
SingHealth,2018,"15,00,000","government, database",1,https://www.bayt.com/en/job-seekers/create-account/?url_id=1&2F4/utm_medium=associate&utm_source=walkinupdates%2ecom+1880861/malwareid,4,4:00 PM,1
Slack,2015,"5,00,000",tech,5,https://www.google.co.in/search?ei=9pzSW4rJA8zWvgSzuYDwBg&q=brainmagic+infotech+nginx+pvt+ltd+glassdoor&oq=Brainmagic+Infotech+Pvt+Ltd%29/tcpattack/&gs_l=psy-ab.1.0.0i71k1l4.0.0.0.709767.0.0.0.0.0.0.0.0..0.0....0...1c..64.psy-ab..0.0.0....0.YV8QKntrcq4,5,5:00 PM,1
SnapChat,2013,"47,00,000","web, tech",1,https://stackoverflow.com/questions/43727583/expected-string-or-bytes-like-object/2C,6,6:00 PM,1
Sony Online Entertainment,2011,"2,46,00,000",gaming,1,https://www.google.co.in/search?q=python+free+online+2F4/course+certification&oq=p&aqs=chrome.0.69i59j69i60l4j69i57.2378j0j7&sourceid=ACK/chrome&ie=UTF-8,7,7:00 PM,1
Sony Pictures,2011,"10,00,000",web,1,http://localhost/phpmyadmin/index.php?token=27a2ceb5cb82727c1f0b63f93f1d0c4f#PMAURL-SYN/2:sql.php?db=malware_detection&table=user_malware_recogition_model&server=1&target=&token=27a2ceb5cb82727c1f0b63f93f1d0c4f,8,8:00 PM,1
Sony Pictures,2014,100 terabytes,media,1,https://realpython.com/pypi-publish-python-package/rangingdistanc,8,9:00 PM,1
Sony PlayStation Network,2011,"7,70,00,000",gaming,1,https://mail.google.com/mail/u/0/#inbox/2C,1,10:00 PM,1
South Africa police,2013,"16,000",government,1,https://www.linkedin.com/jobs/view/927854395/2F4/?refId=d3493ec8-37f8-4218-92b2-4656b383a955&trk=eml-jymbii-GETID/organic-job-card&midToken=AQHBnYxQHAJchw&trkEmail=eml-jobs_jymbii_digest-null-2-null-null-9xzoen~joem4ler~uj-null-jobs~view&lipi=urn%3Ali%3Apage%3Aemail_jobs_jymbii_digest%3BCxmcCwrxR62ABhqSrl2dYA%3D%3D,2,11:00 PM,1
South Carolina Government,2012,"64,00,000",healthcare,2,http://127.0.0.1:8000/user/userpage/nginx/x25,3,12:00 AM,1
"South Shore Hospital, Massachusetts",2010,"8,00,000",healthcare,3,https://www.linkedin.com/jobs/view/930124877/?refId=d3493ec8-37f8-4218-92b2-4656b383a955&trk=eml-decid.jy/GETID/mbii-organic-job-card&midToken=AQHBnYxQHAJchw&trkEmail=eml-jobs_jymbii_digest-null-4-null-null-9xzoen~joem4ler~uj-null-jobs~view&lipi=urn%3Ali%3Apage%3Aemail_jobs_jymbii_digest%3BCxmcCwrxR62ABhqSrl2dYA%3D%3D,4,1:00 AM,1
Southern California Medical-Legal Consultants,2011,"3,00,000",healthcare,1,https://www.google.co.in/search?q=dsv&oq=dsv&aqs=chrome..69i57j0l5.1403j0j7&sourceid=chrome&ie=UTF-8/NLOM,5,2:00 AM,1
Spartanburg Regional Healthcare System,2011,"4,00,000",healthcare,7,https://www.google.co.in/search?q=erg&oq=erg&aqs=chrome..69i57j0l5.1306j0j7&sourceid=chrome&ie=UTF-8/x25,6,3:00 AM,1
Stanford University,2008,"72,000",academic,7,https://www.google.co.in/search?q=edi&oq=edi&aqs=chrome..2F4;69i57j69i61l3j0l2.1854j0j9&sourceid=chrome&ie=UTF-8,7,4:00 AM,1
Starbucks,2008,"97,000",retail,7,https://www.google.co.in/search?ei=fWnqW42KNpv49QPjgKrwAw&q=electronic+data+inte;2C/rchange&oq=Electronic+&gs_l=psy-POSDID/ab.1.0.0i67k1l5j0l5.22727.22727.0.24821.1.1.0.0.0.0.132.132.0j1.1.0....0...1c.1.64.psy-ab..0.1.132....0.Us12YzYGIDk,8,5:00 AM,1
Starwood Hotels,2015,54 locations,hotel,1,https://www.google.co.in/search?ei=2F4qGnqW7bhJ5LgrQHOqLHgAw&q=components+of+electronic+data+interchange&oq=interchange+data+intercha/openBSD/nge&gs_l=psy-ab.1.1.0i71k1l8.0.0.0.4005.0.0.0.0.0.0.0.0..0.0....0...1c..64.psy-ab..0.0.0....0.tO5beN4alGY,8,6:00 AM,1
including Westin Hotels and Sheraton Hotels,,,,,http://localhost/phpmyadmin/ECSID/index.php?token=39738e084bf00732384b427239ec1401#PMAURL-/x25/3:tbl_structure.php?db=malware_detection&table=user_malware_recogition_model&server=1&target=&token=39738e084bf00732384b427239ec1401,1,7:00 AM,1
State of Texas,2011,"35,00,000",government,4,https://stackoverflow.com/questions/43727583/expected-string-or-bytes-like-object/2C,2,8:00 AM,1
Steam,2011,"3,50,00,000",web,1,http://localhost/phpmyadmin/ECSID/index.php?token=39738e084bf00732384b427239ec1401#PMAURL-/x25/3:tbl_structure.php?db=malware_detection&table=user_malware_recogition_model&server=1&target=&token=39738e084bf00732384b427239ec1401,3,9:00 AM,1
Stratfor,2011,"9,35,000",military,4,https://www.bayt.com/en/job-seekers/create-account/?url_id=1&utm_medium=associate&utm_source=walkinu/2F4/pdates%2ecom+1880861/tcpoffset,4,10:00 AM,1
Supervalu,2014,200 stores,retail,1,https://www.google.co.in/search?ei=9pzSW4rJA8zWvgSzuYDwBg&q=brainmagic+infotech+NLOM]pvt+ltd+glassdoor&oq=Brainmagic+Infotech+Pvt+Ltd%2/NTP/9&gs_l=psy-ab.1.0.0i71k1l4.0.0.0.709767.0.0.0.0.0.0.0.0..0.0....0...1c..64.psy-ab..0.0.0....0.YV8QKntrcq4,5,11:00 AM,1
Sutter Medical Center,2011,"42,43,434",healthcare,7,https://stackoverflow.com/questions/43727583/expected-string-or-bytes-like-object/ECSID/getmonlist,6,12:00 PM,1
Syrian government(Syria Files),2012,"24,34,899",government,1,https://www.google.co.in/search?q=python+free+online+course+certification&oq=p&aqs/2F4=chrome.0.69i59j69i60l4j69i57.2378j0j7&sourceid=c/tcpoffset/hrome&ie=UTF-8,7,1:00 PM,1
"T-Mobile, Deutsche Telekom",2006,"1,70,00,000",telecoms,3,http://localhost/phpmyadmin/index.php?token=27a2ceb5cb82727c1f0b63f93f1d0c4f#PMAURL-/x25/NLOM;2:sql.php?db=malware_detection&table=user_malware_recogition_model&server=1&target=&token=27a2ceb5cb82727c1f0b63f93f1d0c4f,8,2:00 PM,1
Taobao,2016,"2,00,00,000",retail,1,https://realpython.com/pypi-publish-python-package/ECSID/ICMPID,8,3:00 PM,1
Target Corporation,2014,"7,00,00,000",retail,1,https://mail.google.com/mail/u/0/#inbox/ECSID/getmonlist,1,4:00 PM,1
Taringa!,2017,"2,87,22,877",web,1,https://www.linkedin.com/jobs/view/927854395/privateid/?refId=d3493ec8-37f8-4218-92b2-4656b383a955&trk=eml/ipid-jymbii-organic-job-card&midToken=AQHBnYxQHAJchw&trkEmail=eml-jobs_jymbii_digest-null-2-null-null-9xzoen~joem4ler~uj-null-jobs~view&lipi=urn%3Ali%3Apage%3Aemail_jobs_jymbii_digest%3BCxmcCwrxR62ABhqSrl2dYA%3D%3D,2,5:00 PM,1
TaxSlayer.com,2016,6,web,1,http://127.0.0.1:8000/user/userpage/ECSID/getmonlist,3,6:00 PM,1
TD Ameritrade,2007,"63,00,000",financial,1,https://www.linkedin.com/jobs/view/930124877/?refId=d3493ec8-privateid.37f8-4218-92b2-4656b383a955&trk=eml-jymbii-organic-job-card&midToken=serverattack/AQHBnYxQHAJchw&trkEmail=eml-jobs_jymbii_digest-null-4-null-null-9xzoen~joem4ler~uj-null-jobs~view&lipi=urn%3Ali%3Apage%3Aemail_jobs_jymbii_digest%3BCxmcCwrxR62ABhqSrl2dYA%3D%3D,4,7:00 PM,1
TD Bank,2012,"2,60,000",financial,1,https://www.google.co.in/search?q=dsv&oq=dsv&aqs=chrome..69i57j0l5.1403j0j7&sourceid=chrome&ie=UTF-8/privateid/getmonlist,5,8:00 PM,1
TerraCom & YourTel,2013,"1,70,000",telecoms,4,https://www.google.co.in/search?q=erg&oq=erg&aqs=chrome..69i57j0l5.1306j0j7&sourceid=chrome&ie=UTF-8/ECSID/tcpoffset,6,9:00 PM,1
Texas Lottery,2007,"89,000",government,2,https://www.google.co.in/search?q=edi&oq=edi&aqs=chrome..69i57j69i61l3j0l2.1854j0j9&sourceid=chrome&ie=UTF-8/NID/monlist,7,10:00 PM,1
The Bank of New York Mellon,2008,"1,25,00,000",financial,3,https://www.google.co.in/search?ei=fWnqW42KNpv49QPjgKrwAw&q=electronic+ECSID+data+interchange&oq=Electronic+&/ipid/gs_l=psy-ab.1.0.0i67k1l5j0l5.22727.22727.0.24821.1.1.0.0.0.0.132.132.0j1.1.0....0...1c.1.64.psy-ab..0.1.132....0.Us12YzYGIDk,8,11:00 PM,1
Tianya Club,2011,"2,80,00,000",web,1,https://www.google.co.in/search?ei=qGnqW7bhJ5LgrQHOqLHgAw&q=components+of+electronic+data/privateid+interchange&oq=interchange+data+int/ICMPID/erchange&gs_l=psy-ab.1.1.0i71k1l8.0.0.0.4005.0.0.0.0.0.0.0.0..0.0....0...1c..64.psy-ab..0.0.0....0.tO5beN4alGY,8,12:00 AM,1
Ticketfly (subsidiary of Eventbrite),2018,"2,61,51,608",ticket distribution,1,http://localhost/phpmyadmin/index.php?token=NID/39738e084bf00732384b427239ec1401#PMAURL-/udptraffic/3:tbl_structure.php?db=malware_detection&table=user_malware_recogition_model&server=1&target=&token=39738e084bf00732384b427239ec1401,1,1:00 AM,1
TK / TJ Maxx,2007,"9,40,00,000",retail,1,https://www.bayt.com/en/job-seekers/create-account/ECSID/?url_id=1&utm_medium=associate&utm_source=walkinupdates%2ecom+1880861/monlist,2,2:00 AM,1
Tricare,2011,"49,01,432","military, healthcare",7,https://www.google.co.in/search?ei=9pzSW4rJA8zWvgSzuYDwBg&q=brainmagic+infotech+privateid.pvt+ltd+glassdoor&oq=Brainmagic+Infotech+Pvt+/ICMPID/Ltd%29&gs_l=psy-ab.1.0.0i71k1l4.0.0.0.709767.0.0.0.0.0.0.0.0..0.0....0...1c..64.psy-ab..0.0.0....0.YV8QKntrcq4,3,3:00 AM,1
"Triple-S Salud, Inc.",2010,"3,98,000",healthcare,3,https://stackoverflow.com/questions/43727583/expected-string-or-bytes-like-object/ECSID/c,4,4:00 AM,1
Trump Hotels,2014,8 locations,hotel,1,https://www.google.co.in/search?q=python+free+online+course+certification&oq=p&aqs=2C/chrome.0.69i59j69i60l4j69i57.2378j0j7&sourceid=chrome&serveridie=UTF-8,5,5:00 AM,1
Tumblr,2013,"6,54,69,298",web,1,http://localhost/phpmyadmin/index.php?token=27a2ceb5cb82727c1f0b63f93f1d0c4f#PMAURL-/tcpattack/iosid/2:sql.php?db=malware_detection&table=user_malware_recogition_model&server=1&target=&token=27a2ceb5cb82727c1f0b63f93f1d0c4f,6,6:00 AM,1
Twitch.tv,2015,6,tech,1,https://realpython.com/pypi-publish-python-package/2F4/portid,7,7:00 AM,1
Twitter,2013,"2,50,000",web,1,https://mail.google.com/mail/u/0/#inbox/iosid/portid,8,8:00 AM,1
Typeform,2018,6,tech,5,https://www.linkedin.com/jobs/view/927854395/?refId=d3493ec8-37f8-4218-92b2-4656b383a955&trk=eml-jymbii-organic-job-card&midToken=AQH/FDDI/BnYxQHAJchw&trkEmail=eml-jobs_jymbii_digest-null-2-null-null-9xzoen~joem4ler~uj-null-jobs~view&lipi=urn%3Ali%3Apage%3Aemail_jobs_jymbii_digest%3BCxmcCwrxR62ABhqSrl2dYA%3D%3D,8,9:00 AM,1
U.S. Army,2011,"50,000",military,4,http://127.0.0.1:8000/user/userpage/portid,1,10:00 AM,1
U.S. Army,2010,"3,92,000",government,2,https://www.linkedin.com/jobs/view/930124877/?refId=d3493ec8-37f8-NLOM-4218-92b2-4656b383a955&trk=eml-jymbii-organic-job-card&midToken=/udptraffic/AQHBnYxQHAJchw&trkEmail=eml-jobs_jymbii_digest-null-4-null-null-9xzoen~joem4ler~uj-null-jobs~view&lipi=urn%3Ali%3Apage%3Aemail_jobs_jymbii_digest%3BCxmcCwrxR62ABhqSrl2dYA%3D%3D,2,11:00 AM,1
(classified Iraq War documents),,,,,https://www.google.co.in/search?q=dsv&oq=dsv&aqs=chrome..69i57j0l5.1403j0j7&sourceid=chrome&ie=UTF-8/fragflag,3,12:00 PM,1
U.S. Department of Defense,2009,"72,000",military,3,https://www.google.co.in/search?q=erg&oq=erg&aqs=chrome..69i57j0l5.1306j0j7&sourceid=chrome&ie=UTF-8/NLOM/fragflag,4,1:00 PM,1
U.S. Department of Veteran Affairs,2006,"2,65,00,000","government, military",7,https://www.google.co.in/search?q=edi&oq=edi&aqs=chrome..69i57j69i61l3j0l2.1854j0j9&sourceid=chrome&ie=UTF-8/fragflag,5,2:00 PM,1
U.S. government (United States diplomatic cables leak),2010,"2,60,000",military,2,https://www.google.co.in/search?ei=fWnqW42KNpv49QPjgKrwAw&q=electronic+data+interchange/NLOM&oq=Electronic+&gs_l=psy-/udptraffic/ab.1.0.0i67k1l5j0l5.22727.22727.0.24821.1.1.0.0.0.0.132.132.0j1.1.0....0...1c.1.64.psy-ab..0.1.132....0.Us12YzYGIDk,6,3:00 PM,1
U.S. law enforcement (70 different agencies),2011,"1,23,461",government,4,https://www.google.co.in/search?ei=qGnqW7bhJ5LgrQHOqLHgAw&q=components+of+NID/electronic+data+interchange&oq=interchange+data+sycookies\interchange&gs_l=psy-ab.1.1.0i71k1l8.0.0.0.4005.0.0.0.0.0.0.0.0..0.0....0...1c..64.psy-ab..0.0.0....0.tO5beN4alGY,7,4:00 PM,1
Uber,2014,"50,000",tech,5,http://localhost/phpmyadmin/index.php?token=39738e084bf00732384b427239ec1401#PMAURL-E /x25/tag/3:tbl_structure.php?db=malware_detection&table=user_malware_recogition_model&server=1&target=&token=39738e084bf00732384b427239ec1401,8,5:00 PM,1
Uber,2017,"5,70,00,000",transport,1,https://www.bayt.com/en/job-seekers/create-account/?url_id=1&2F4/utm_medium=associate&utm_source=walkinupdates%2ecom+1880861/malwareid,8,6:00 PM,1
Ubisoft,2013,6,gaming,1,https://www.google.co.in/search?ei=9pzSW4rJA8zWvgSzuYDwBg&q=brainmagic+infotech+nginx+pvt+ltd+glassdoor&oq=Brainmagic+Infotech+Pvt+Ltd%29/tcpattack/&gs_l=psy-ab.1.0.0i71k1l4.0.0.0.709767.0.0.0.0.0.0.0.0..0.0....0...1c..64.psy-ab..0.0.0....0.YV8QKntrcq4,1,7:00 PM,1
Ubuntu,2013,"20,00,000",tech,1,https://stackoverflow.com/questions/43727583/expected-string-or-bytes-like-object/2C,2,8:00 PM,1
"UCLA Medical Center, Santa Monica",2015,"45,00,000",healthcare,1,https://www.google.co.in/search?q=python+free+online+2F4/course+certification&oq=p&aqs=chrome.0.69i59j69i60l4j69i57.2378j0j7&sourceid=ACK/chrome&ie=UTF-8,3,9:00 PM,1
UK Driving Standards Agency,2007,"30,00,000",government,3,http://localhost/phpmyadmin/index.php?token=27a2ceb5cb82727c1f0b63f93f1d0c4f#PMAURL-SYN/2:sql.php?db=malware_detection&table=user_malware_recogition_model&server=1&target=&token=27a2ceb5cb82727c1f0b63f93f1d0c4f,4,10:00 PM,1
UK Home Office,2008,"84,000",government,3,https://realpython.com/pypi-publish-python-package/rangingdistanc,5,11:00 PM,1
UK Ministry of Defence,2008,"17,00,000",government,3,https://mail.google.com/mail/u/0/#inbox/2C,6,12:00 AM,1
UK Revenue & Customs,2007,"2,50,00,000",government,3,https://www.linkedin.com/jobs/view/927854395/2F4/?refId=d3493ec8-37f8-4218-92b2-4656b383a955&trk=eml-jymbii-GETID/organic-job-card&midToken=AQHBnYxQHAJchw&trkEmail=eml-jobs_jymbii_digest-null-2-null-null-9xzoen~joem4ler~uj-null-jobs~view&lipi=urn%3Ali%3Apage%3Aemail_jobs_jymbii_digest%3BCxmcCwrxR62ABhqSrl2dYA%3D%3D,7,1:00 AM,1
Under Armour,2018,"15,00,00,000",Consumer Goods,1,http://127.0.0.1:8000/user/userpage/nginx/x25,8,2:00 AM,1
United States Postal Service,2018,"6,00,00,000",government,5,https://www.linkedin.com/jobs/view/930124877/?refId=d3493ec8-37f8-4218-92b2-4656b383a955&trk=eml-decid.jy/GETID/mbii-organic-job-card&midToken=AQHBnYxQHAJchw&trkEmail=eml-jobs_jymbii_digest-null-4-null-null-9xzoen~joem4ler~uj-null-jobs~view&lipi=urn%3Ali%3Apage%3Aemail_jobs_jymbii_digest%3BCxmcCwrxR62ABhqSrl2dYA%3D%3D,8,3:00 AM,1
"University of California, Berkeley",2009,"1,60,000",academic,1,https://www.google.co.in/search?q=dsv&oq=dsv&aqs=chrome..69i57j0l5.1403j0j7&sourceid=chrome&ie=UTF-8/NLOM,1,4:00 AM,1
"University of California, Berkeley",2016,"80,000",academic,1,https://www.google.co.in/search?q=erg&oq=erg&aqs=chrome..69i57j0l5.1306j0j7&sourceid=chrome&ie=UTF-8/x25,2,5:00 AM,1
University of Central Florida,2016,"63,000",academic,1,https://www.google.co.in/search?q=edi&oq=edi&aqs=chrome..2F4;69i57j69i61l3j0l2.1854j0j9&sourceid=chrome&ie=UTF-8,3,6:00 AM,1
"University of Maryland, College Park",2014,"3,00,000",academic,1,https://www.google.co.in/search?ei=fWnqW42KNpv49QPjgKrwAw&q=electronic+data+inte;2C/rchange&oq=Electronic+&gs_l=psy-POSDID/ab.1.0.0i67k1l5j0l5.22727.22727.0.24821.1.1.0.0.0.0.132.132.0j1.1.0....0...1c.1.64.psy-ab..0.1.132....0.Us12YzYGIDk,4,7:00 AM,1
University of Miami,2008,"21,00,000",academic,7,https://www.google.co.in/search?ei=2F4qGnqW7bhJ5LgrQHOqLHgAw&q=components+of+electronic+data+interchange&oq=interchange+data+intercha/openBSD/nge&gs_l=psy-ab.1.1.0i71k1l8.0.0.0.4005.0.0.0.0.0.0.0.0..0.0....0...1c..64.psy-ab..0.0.0....0.tO5beN4alGY,5,8:00 AM,1
University of Utah Hospital & Clinics,2008,"22,00,000",academic,3,http://localhost/phpmyadmin/ECSID/index.php?token=39738e084bf00732384b427239ec1401#PMAURL-/x25/3:tbl_structure.php?db=malware_detection&table=user_malware_recogition_model&server=1&target=&token=39738e084bf00732384b427239ec1401,6,9:00 AM,1
University of Wisconsin–Milwaukee,2011,"73,000",academic,1,https://stackoverflow.com/questions/43727583/expected-string-or-bytes-like-object/2C,7,10:00 AM,1
UPS,2014,51 locations,retail,1,http://localhost/phpmyadmin/ECSID/index.php?token=39738e084bf00732384b427239ec1401#PMAURL-/x25/3:tbl_structure.php?db=malware_detection&table=user_malware_recogition_model&server=1&target=&token=39738e084bf00732384b427239ec1401,8,11:00 AM,1
US Department of Homeland Security,2016,"30,000",government,5,https://www.bayt.com/en/job-seekers/create-account/?url_id=1&utm_medium=associate&utm_source=walkinu/2F4/pdates%2ecom+1880861/tcpoffset,8,12:00 PM,1
US Medicaid,2012,"7,80,000","government, healthcare",1,https://www.google.co.in/search?ei=9pzSW4rJA8zWvgSzuYDwBg&q=brainmagic+infotech+NLOM]pvt+ltd+glassdoor&oq=Brainmagic+Infotech+Pvt+Ltd%2/NTP/9&gs_l=psy-ab.1.0.0i71k1l4.0.0.0.709767.0.0.0.0.0.0.0.0..0.0....0...1c..64.psy-ab..0.0.0....0.YV8QKntrcq4,1,1:00 PM,1
US Office of Personnel Management,2015,"2,15,00,000",government,1,https://stackoverflow.com/questions/43727583/expected-string-or-bytes-like-object/ECSID/getmonlist,2,2:00 PM,1
Verizon Communications,2016,"15,00,000",telecoms,1,https://www.google.co.in/search?q=python+free+online+course+certification&oq=p&aqs/2F4=chrome.0.69i59j69i60l4j69i57.2378j0j7&sourceid=c/tcpoffset/hrome&ie=UTF-8,3,3:00 PM,1
Virginia Department of Health,2009,"82,57,378","government, healthcare",1,http://localhost/phpmyadmin/index.php?token=27a2ceb5cb82727c1f0b63f93f1d0c4f#PMAURL-/x25/NLOM;2:sql.php?db=malware_detection&table=user_malware_recogition_model&server=1&target=&token=27a2ceb5cb82727c1f0b63f93f1d0c4f,4,4:00 PM,1
Virginia Prescription Monitoring Program,2009,"5,31,400",healthcare,1,https://realpython.com/pypi-publish-python-package/ECSID/ICMPID,5,5:00 PM,1
Vodafone,2013,"20,00,000",telecoms,2,https://mail.google.com/mail/u/0/#inbox/ECSID/getmonlist,6,6:00 PM,1
VTech,2015,"50,00,000",retail,1,https://www.linkedin.com/jobs/view/927854395/privateid/?refId=d3493ec8-37f8-4218-92b2-4656b383a955&trk=eml/ipid-jymbii-organic-job-card&midToken=AQHBnYxQHAJchw&trkEmail=eml-jobs_jymbii_digest-null-2-null-null-9xzoen~joem4ler~uj-null-jobs~view&lipi=urn%3Ali%3Apage%3Aemail_jobs_jymbii_digest%3BCxmcCwrxR62ABhqSrl2dYA%3D%3D,7,7:00 PM,1
Walmart,2015,millions,retail,1,http://127.0.0.1:8000/user/userpage/ECSID/getmonlist,8,8:00 PM,1
Washington Post,2011,"12,70,000",media,1,https://www.linkedin.com/jobs/view/930124877/?refId=d3493ec8-privateid.37f8-4218-92b2-4656b383a955&trk=eml-jymbii-organic-job-card&midToken=serverattack/AQHBnYxQHAJchw&trkEmail=eml-jobs_jymbii_digest-null-4-null-null-9xzoen~joem4ler~uj-null-jobs~view&lipi=urn%3Ali%3Apage%3Aemail_jobs_jymbii_digest%3BCxmcCwrxR62ABhqSrl2dYA%3D%3D,8,9:00 PM,1
Washington State court system,2013,"1,60,000",government,1,https://www.google.co.in/search?q=dsv&oq=dsv&aqs=chrome..69i57j0l5.1403j0j7&sourceid=chrome&ie=UTF-8/privateid/getmonlist,1,10:00 PM,1
Weebly,2016,"4,34,30,316",web,1,https://www.google.co.in/search?q=erg&oq=erg&aqs=chrome..69i57j0l5.1306j0j7&sourceid=chrome&ie=UTF-8/ECSID/tcpoffset,2,11:00 PM,1
Wendy's,2015,6,restaurant,1,https://www.google.co.in/search?q=edi&oq=edi&aqs=chrome..69i57j69i61l3j0l2.1854j0j9&sourceid=chrome&ie=UTF-8/NID/monlist,3,12:00 AM,1
Wordpress,2018,,,1,https://www.google.co.in/search?ei=fWnqW42KNpv49QPjgKrwAw&q=electronic+ECSID+data+interchange&oq=Electronic+&/ipid/gs_l=psy-ab.1.0.0i67k1l5j0l5.22727.22727.0.24821.1.1.0.0.0.0.132.132.0j1.1.0....0...1c.1.64.psy-ab..0.1.132....0.Us12YzYGIDk,4,1:00 AM,1
Writerspace.com,2011,"62,000",web,1,https://www.google.co.in/search?ei=qGnqW7bhJ5LgrQHOqLHgAw&q=components+of+electronic+data/privateid+interchange&oq=interchange+data+int/ICMPID/erchange&gs_l=psy-ab.1.1.0i71k1l8.0.0.0.4005.0.0.0.0.0.0.0.0..0.0....0...1c..64.psy-ab..0.0.0....0.tO5beN4alGY,5,2:00 AM,1
Xat.com,2015,"60,54,459",web,8,http://localhost/phpmyadmin/index.php?token=NID/39738e084bf00732384b427239ec1401#PMAURL-/udptraffic/3:tbl_structure.php?db=malware_detection&table=user_malware_recogition_model&server=1&target=&token=39738e084bf00732384b427239ec1401,6,3:00 AM,1
Yahoo,2013,"3,00,00,00,000",web,1,https://www.bayt.com/en/job-seekers/create-account/ECSID/?url_id=1&utm_medium=associate&utm_source=walkinupdates%2ecom+1880861/monlist,7,4:00 AM,1
Yahoo,2014,"50,00,00,000",web,1,https://www.google.co.in/search?ei=9pzSW4rJA8zWvgSzuYDwBg&q=brainmagic+infotech+privateid.pvt+ltd+glassdoor&oq=Brainmagic+Infotech+Pvt+/ICMPID/Ltd%29&gs_l=psy-ab.1.0.0i71k1l4.0.0.0.709767.0.0.0.0.0.0.0.0..0.0....0...1c..64.psy-ab..0.0.0....0.YV8QKntrcq4,8,5:00 AM,1
Yahoo Japan,2013,"2,20,00,000","tech, web",1,https://stackoverflow.com/questions/43727583/expected-string-or-bytes-like-object/ECSID/c,8,6:00 AM,1
Yahoo! Voices,2012,"4,50,000",web,1,https://www.google.co.in/search?q=python+free+online+course+certification&oq=p&aqs=2C/chrome.0.69i59j69i60l4j69i57.2378j0j7&sourceid=chrome&serveridie=UTF-8,1,7:00 AM,1
Yale University,2010,"43,000",academic,4,http://localhost/phpmyadmin/index.php?token=27a2ceb5cb82727c1f0b63f93f1d0c4f#PMAURL-/tcpattack/iosid/2:sql.php?db=malware_detection&table=user_malware_recogition_model&server=1&target=&token=27a2ceb5cb82727c1f0b63f93f1d0c4f,2,8:00 AM,1
Zappos,2012,"2,40,00,000",web,1,https://realpython.com/pypi-publish-python-package/2F4/portid,3,9:00 AM,1
